{
  "rel_l2": 0.48169918625384095,
  "pde_residual_mse": 0.0021594050959794584,
  "boundary_initial_mse": 0.0051644369794381344,
  "train_time_sec": 2.9772887229919434
}